year,week,none,Civilian,Non-Civilian,Adult - Female,Adult - Male,Child - Female,Child - Male,Chemical and toxic gases,Detention - Execution,Detention - Torture,Detention - Torture - Execution,Explosion,Field Execution,Kidnapping - Execution,Kidnapping - Torture,Kidnapping - Torture - Execution,Other,Shelling,Shooting,Siege,Un-allowed to seek Medical help,Unknown,Warplane shelling,total
2011,11,,12,0,0,10,0,2,0,0,0,0,0,0,0,0,0,2,0,10,0,0,0,0,12
2011,12,,182,2,0,172,4,8,0,0,0,0,0,0,0,0,0,0,0,184,0,0,0,0,184
2011,13,,30,2,2,29,0,1,0,0,1,1,0,1,0,0,1,1,0,27,0,0,0,0,32
2011,14,,16,2,0,17,0,1,0,0,0,0,0,0,0,0,0,1,0,17,0,0,0,0,18
2011,15,,37,2,0,37,0,2,0,0,3,0,0,1,0,0,0,0,0,35,0,0,0,0,39
2011,16,,221,9,2,212,2,14,0,1,0,0,1,2,0,0,0,1,0,225,0,0,0,0,230
2011,17,,296,19,2,294,6,13,0,0,16,0,0,7,0,0,0,0,10,280,0,2,0,0,315
2011,18,,97,8,6,89,0,10,0,0,0,0,0,5,0,0,2,0,0,98,0,0,0,0,105
2011,19,,63,5,8,60,0,0,0,0,2,0,0,9,0,0,0,1,0,56,0,0,0,0,68
2011,20,,180,11,2,176,1,12,0,4,16,1,0,18,0,0,0,3,2,147,0,0,0,0,191
2011,21,,45,6,3,46,1,1,0,0,4,2,0,6,0,0,0,0,0,39,0,0,0,0,51
2011,22,,242,11,9,230,1,13,0,0,3,3,0,4,0,0,2,0,8,233,0,0,0,0,253
2011,23,,105,8,1,107,0,5,0,0,2,0,0,3,0,0,0,1,0,107,0,0,0,0,113
2011,24,,14,1,0,13,0,2,0,0,2,0,0,0,0,0,0,0,0,13,0,0,0,0,15
2011,25,,36,1,0,29,0,8,0,0,1,0,0,1,0,0,0,1,1,33,0,0,0,0,37
2011,26,,44,5,3,44,0,2,0,0,3,0,1,0,0,0,0,2,0,43,0,0,0,0,49
2011,27,,48,2,0,49,0,1,0,0,4,0,0,4,0,0,1,0,0,41,0,0,0,0,50
2011,28,,62,7,1,59,0,9,0,0,2,0,0,4,0,0,0,1,0,62,0,0,0,0,69
2011,29,,72,6,2,65,0,11,0,0,7,2,0,0,0,0,0,1,1,67,0,0,0,0,78
2011,30,,302,10,2,291,5,14,0,1,1,0,0,6,0,1,1,4,2,296,0,0,0,0,312
2011,31,,224,10,7,200,8,19,0,1,5,2,0,7,0,0,1,3,15,196,0,4,0,0,234
2011,32,,178,19,13,166,8,10,0,1,18,0,2,11,0,0,0,0,5,160,0,0,0,0,197
2011,33,,143,3,4,129,3,10,0,0,8,0,0,4,8,0,0,0,2,124,0,0,0,0,146
2011,34,,64,9,1,66,0,6,0,1,8,1,0,5,2,0,0,2,2,52,0,0,0,0,73
2011,35,,158,5,7,143,6,7,0,3,11,0,0,5,0,0,0,2,0,142,0,0,0,0,163
2011,36,,96,15,4,96,2,9,0,2,9,0,0,9,1,0,1,1,2,86,0,0,0,0,111
2011,37,,194,21,9,185,0,21,0,4,11,6,0,0,2,0,1,3,2,186,0,0,0,0,215
2011,38,,72,21,5,82,1,5,0,1,7,3,0,2,0,0,0,0,4,76,0,0,0,0,93
2011,39,,99,22,4,110,0,7,0,1,10,0,1,3,0,2,0,0,3,101,0,0,0,0,121
2011,40,,104,13,2,108,1,6,0,2,12,1,0,2,0,1,0,0,2,97,0,0,0,0,117
2011,41,,56,7,3,53,2,5,0,0,1,0,0,0,0,0,0,0,1,61,0,0,0,0,63
2011,42,,142,15,5,144,3,5,0,2,7,0,0,0,1,0,0,1,3,143,0,0,0,0,157
2011,43,,122,11,6,111,3,13,0,0,9,0,0,7,0,0,0,2,8,107,0,0,0,0,133
2011,44,,172,18,3,178,0,9,0,1,1,0,0,19,8,1,5,0,2,153,0,0,0,0,190
2011,45,,149,17,5,143,4,14,0,0,7,3,3,9,3,2,0,1,3,134,0,1,0,0,166
2011,46,,228,25,4,227,4,18,0,0,16,4,1,16,1,0,2,0,9,204,0,0,0,0,253
2011,47,,217,28,5,209,1,30,0,3,12,2,2,13,0,0,0,0,6,207,0,0,0,0,245
2011,48,,245,17,16,217,8,21,0,1,8,2,3,7,4,0,1,0,11,225,0,0,0,0,262
2011,49,,281,23,11,245,8,40,0,1,22,0,0,17,6,0,20,0,9,225,0,4,0,0,304
2011,50,,238,42,14,243,3,20,0,1,15,0,0,6,3,0,1,0,16,235,0,3,0,0,280
2011,51,,391,59,19,392,2,37,0,4,24,20,23,13,4,2,0,4,59,297,0,0,0,0,450
2011,52,,275,27,12,267,7,16,0,5,8,4,2,4,1,0,2,0,31,239,0,6,0,0,302
2012,1,,250,95,14,306,6,19,0,1,25,6,9,14,5,0,1,4,49,208,0,1,0,22,345
2012,2,,168,23,7,168,5,11,0,1,9,1,7,9,3,2,0,1,5,129,0,0,0,24,191
2012,3,,244,48,7,270,5,10,0,4,19,5,37,4,3,0,3,0,17,200,0,0,0,0,292
2012,4,,391,47,23,377,4,34,0,2,11,0,0,48,7,0,0,3,49,316,0,2,0,0,438
2012,5,,530,57,27,508,14,38,0,3,9,2,8,26,2,1,0,0,230,303,0,1,0,2,587
2012,6,,511,111,49,500,24,49,0,0,5,3,5,54,4,1,1,2,202,341,0,4,0,0,622
2012,7,,293,67,8,324,9,19,0,1,7,0,2,60,4,0,0,7,79,196,0,4,0,0,360
2012,8,,451,29,12,402,19,47,0,5,8,0,1,67,8,0,0,4,128,259,0,0,0,0,480
2012,9,,414,86,17,425,23,35,0,5,12,11,8,71,3,0,0,1,133,254,0,0,0,2,500
2012,10,,417,69,31,390,26,39,0,2,8,1,2,169,2,0,1,0,82,215,0,3,0,1,486
2012,11,,424,85,10,465,7,27,0,2,11,10,3,83,2,1,37,0,54,303,0,2,0,1,509
2012,12,,466,72,27,453,29,29,0,5,15,7,0,46,4,7,2,0,133,317,0,2,0,0,538
2012,13,,397,77,24,399,17,34,0,7,21,1,0,56,3,10,1,0,148,225,0,2,0,0,474
2012,14,,606,70,32,601,16,27,0,1,21,3,7,57,4,1,2,2,366,207,0,0,0,5,676
2012,15,,534,62,35,505,24,32,0,10,11,0,1,217,5,0,3,4,183,162,0,0,0,0,596
2012,16,,412,133,13,517,3,12,0,1,23,2,2,17,4,0,2,1,240,250,0,3,0,0,545
2012,17,,333,60,27,329,11,26,0,5,5,0,10,38,17,2,2,1,175,138,0,0,0,0,393
2012,18,,242,66,12,273,6,17,0,2,6,5,15,13,1,0,0,0,85,181,0,0,0,0,308
2012,19,,335,77,45,335,7,25,0,2,12,0,53,39,6,1,1,5,58,235,0,0,0,0,412
2012,20,,285,60,11,283,13,38,0,3,11,4,13,44,8,0,3,0,46,213,0,0,0,0,345
2012,21,,411,82,44,326,35,88,0,4,8,0,7,139,7,3,5,0,96,219,0,0,0,5,493
2012,22,,334,107,17,379,4,41,0,3,7,4,15,19,31,1,19,4,99,237,0,1,0,1,441
2012,23,,472,93,33,480,14,38,0,5,6,1,12,108,4,0,0,4,175,241,0,2,0,7,565
2012,24,,481,89,33,481,25,31,0,7,8,1,21,48,5,1,2,1,248,224,0,1,0,3,570
2012,25,,628,202,37,709,25,59,0,2,10,3,3,67,4,0,2,2,386,349,0,0,0,2,830
2012,26,,733,145,80,716,23,59,0,3,9,2,83,87,4,2,0,0,410,271,0,1,0,6,878
2012,27,,533,117,49,522,17,62,0,8,15,5,11,50,7,0,1,3,307,241,0,0,0,2,650
2012,28,,606,212,53,679,16,70,0,0,22,2,12,18,25,0,7,4,346,375,0,0,0,7,818
2012,29,,1361,291,79,1406,59,108,0,8,15,9,7,64,2,0,1,0,681,719,0,1,0,145,1652
2012,30,,1222,272,100,1241,51,102,0,10,17,7,6,175,9,6,3,2,581,669,0,1,0,8,1494
2012,31,,767,196,59,826,20,58,0,11,5,4,3,135,4,1,2,1,406,377,0,0,0,14,963
2012,32,,1164,236,115,1121,47,117,0,45,9,19,4,113,13,0,1,4,627,480,0,1,0,84,1400
2012,33,,1165,232,112,1125,49,111,0,31,30,8,1,155,11,2,8,0,608,409,0,0,0,134,1397
2012,34,,1693,193,140,1549,68,129,0,64,13,12,3,386,17,0,1,4,644,578,0,0,0,164,1886
2012,35,,1192,237,95,1190,43,101,0,15,14,14,2,286,4,3,2,0,513,484,0,1,0,91,1429
2012,36,,941,215,69,953,42,92,0,7,10,4,13,193,9,0,1,2,396,379,0,1,0,141,1156
2012,37,,1295,167,116,1233,38,75,0,10,22,26,20,438,8,1,1,2,398,334,0,1,0,201,1462
2012,38,,1219,208,157,1113,64,93,0,16,18,6,3,281,10,2,5,0,404,538,0,0,0,144,1427
2012,39,,1363,201,115,1333,38,78,0,19,18,9,3,609,10,0,2,2,328,425,0,0,0,139,1564
2012,40,,975,271,90,1046,31,79,0,10,25,4,12,170,3,2,3,2,397,482,0,2,0,134,1246
2012,41,,1043,329,90,1163,23,96,0,13,20,32,9,238,10,0,1,0,386,524,0,2,0,137,1372
2012,42,,1033,301,114,1031,69,120,0,34,15,3,7,92,14,0,2,1,446,458,0,2,0,260,1334
2012,43,,763,208,94,756,42,79,0,15,13,6,41,87,13,0,2,1,294,315,0,6,0,178,971
2012,44,,1141,389,121,1225,73,111,0,4,27,10,22,105,0,5,8,0,474,555,0,4,0,316,1530
2012,45,,1031,337,123,1115,41,89,0,23,14,0,11,156,0,2,11,2,345,509,0,2,0,293,1368
2012,46,,716,269,79,799,28,79,0,2,18,3,7,79,12,3,1,2,290,410,0,0,0,158,985
2012,47,,641,318,36,837,23,63,1,6,6,26,34,105,8,0,4,2,219,458,0,0,0,90,959
2012,48,,892,245,75,893,54,115,0,5,14,8,83,96,9,0,0,1,368,342,0,3,0,208,1137
2012,49,,683,292,55,824,22,74,0,4,15,10,8,171,3,0,3,6,332,361,0,0,0,62,975
2012,50,,1005,407,102,1141,54,115,0,2,30,7,28,221,3,2,0,5,409,556,0,3,0,146,1412
2012,51,,933,373,86,1073,26,121,7,2,23,6,66,186,6,1,2,0,360,536,0,2,0,109,1306
2012,52,,942,370,100,1026,62,124,0,8,29,17,35,195,0,0,3,2,304,479,0,3,0,237,1312
2013,1,,785,287,99,849,47,77,0,12,37,1,12,114,26,0,6,3,303,371,0,1,0,186,1072
2013,2,,644,187,47,691,39,54,0,2,21,13,8,169,1,0,1,5,237,300,0,1,0,73,831
2013,3,,1276,341,178,1184,99,156,0,15,43,7,43,189,16,5,2,1,383,412,0,5,0,496,1617
2013,4,,683,285,81,752,46,89,0,5,14,7,13,90,10,0,9,1,321,417,0,3,0,78,968
2013,5,,686,319,65,811,46,83,0,16,23,6,2,122,28,1,0,2,282,415,0,0,0,108,1005
2013,6,,832,357,89,974,44,82,0,12,34,0,99,173,6,1,2,2,356,432,0,1,0,71,1189
2013,7,,613,441,72,849,46,87,0,6,35,3,14,55,6,1,9,0,308,515,0,2,0,100,1054
2013,8,,936,261,101,880,70,146,0,5,18,9,75,65,1,2,2,4,499,335,0,2,0,180,1197
2013,9,,720,314,89,818,48,79,0,8,54,5,6,133,4,0,1,2,327,364,0,0,0,130,1034
2013,10,,738,407,85,934,32,94,0,10,31,3,25,131,12,0,1,1,384,453,0,3,0,91,1145
2013,11,,711,347,79,875,28,76,0,10,14,26,8,77,1,1,2,1,378,478,0,1,0,61,1058
2013,12,,821,382,87,965,43,108,30,11,56,13,53,48,7,0,1,0,383,453,0,2,0,146,1203
2013,13,,792,377,109,923,38,99,0,5,86,6,6,150,0,0,3,0,403,449,0,0,0,61,1169
2013,14,,731,337,97,831,32,108,0,8,69,6,3,72,3,2,4,6,403,388,0,0,0,104,1068
2013,15,,618,419,67,877,36,57,15,3,42,22,34,83,2,0,4,0,293,467,0,0,0,72,1037
2013,16,,746,318,74,842,43,105,0,2,38,71,1,139,2,2,1,0,394,376,0,0,0,38,1064
2013,17,,749,418,82,983,32,70,0,10,72,15,13,67,3,0,2,0,394,486,0,0,0,105,1167
2013,18,,805,404,116,970,39,84,1,3,50,11,38,278,3,2,3,3,317,426,0,1,0,73,1209
2013,19,,380,299,45,562,25,47,0,9,23,3,13,33,0,0,1,1,202,350,0,2,0,42,679
2013,20,,480,293,43,644,36,50,3,13,28,1,14,95,2,0,1,0,252,321,0,1,0,42,773
2013,21,,435,421,47,710,24,75,6,9,42,1,24,44,0,0,2,2,244,440,0,0,0,42,856
2013,22,,520,476,60,842,35,59,3,50,83,4,10,12,1,2,0,6,281,526,0,1,0,17,996
2013,23,,536,361,75,720,28,74,0,2,76,2,10,25,1,0,1,2,291,443,0,0,0,44,897
2013,24,,491,358,75,700,18,56,0,3,57,1,17,35,1,2,1,4,244,417,0,3,0,64,849
2013,25,,682,318,90,756,56,98,12,4,47,1,0,279,2,0,0,2,206,415,0,3,0,29,1000
2013,26,,390,231,54,477,26,64,4,13,57,1,9,31,2,0,2,5,193,275,0,3,0,26,621
2013,27,,354,248,32,496,29,45,0,3,34,3,7,9,0,0,0,3,231,264,0,5,0,43,602
2013,28,,525,351,64,732,11,69,2,20,95,4,13,69,1,2,0,0,262,373,0,2,0,33,876
2013,29,,660,526,98,992,31,65,0,2,60,0,58,78,0,4,0,2,371,551,0,2,0,58,1186
2013,30,,1019,510,141,1160,92,136,0,8,39,2,26,84,0,0,0,2,610,564,0,2,0,192,1529
2013,31,,758,428,101,887,60,138,0,8,80,6,3,12,21,2,2,5,442,461,0,0,0,144,1186
2013,32,,877,644,122,1231,78,90,0,16,65,0,68,104,4,2,2,16,438,644,0,0,0,162,1521
2013,33,,643,412,108,803,41,103,2,7,49,0,6,26,0,0,2,4,319,463,0,0,0,177,1055
2013,34,,2407,591,597,2057,136,208,1682,6,74,2,35,84,4,0,0,4,461,558,0,0,0,88,2998
2013,35,,675,418,104,807,40,142,0,4,37,1,34,15,0,4,0,6,363,477,0,2,0,150,1093
2013,36,,545,458,69,812,32,90,0,3,38,0,23,40,6,2,0,4,319,484,0,2,0,82,1003
2013,37,,330,330,42,549,25,44,0,2,27,2,5,27,3,2,0,3,180,351,0,5,0,53,660
2013,38,,394,294,53,555,25,55,0,1,44,1,11,77,0,0,0,5,190,314,0,4,0,41,688
2013,39,,430,335,53,604,35,73,0,6,50,0,68,31,7,0,0,8,182,330,0,3,0,80,765
2013,40,,343,286,40,520,18,51,0,4,71,8,4,24,5,0,1,0,182,290,0,4,0,36,629
2013,41,,588,227,66,620,34,95,0,4,45,4,24,39,6,0,1,8,252,263,0,5,0,164,815
2013,42,,393,244,55,487,32,63,0,17,9,0,105,15,0,0,0,4,185,261,0,3,0,38,637
2013,43,,463,299,39,628,32,63,0,2,20,1,155,14,0,0,0,7,180,310,0,2,0,71,762
2013,44,,406,219,45,487,36,57,0,4,55,1,14,16,2,1,0,8,220,267,0,8,0,29,625
2013,45,,302,312,38,512,19,45,2,4,43,0,12,8,0,1,2,2,174,338,0,5,0,23,614
2013,46,,402,304,60,560,22,64,0,4,38,0,22,37,0,0,3,3,215,318,0,4,0,62,706
2013,47,,559,261,67,632,19,102,0,15,32,0,1,49,0,0,0,9,295,275,0,7,0,137,820
2013,48,,644,387,90,798,32,111,0,2,37,0,3,68,13,1,0,8,280,441,0,5,0,173,1031
2013,49,,530,168,92,466,55,85,1,1,36,6,15,121,0,2,0,18,180,203,0,10,0,105,698
2013,50,,527,179,84,463,52,107,0,11,29,6,6,71,2,0,0,46,140,222,0,0,0,173,706
2013,51,,994,266,134,888,91,147,0,0,35,4,5,7,1,0,0,44,226,379,0,1,0,558,1260
2013,52,,547,199,73,537,46,90,0,1,26,0,10,0,0,0,0,42,165,256,0,3,0,243,746
2014,1,,301,224,32,439,13,41,0,0,25,0,4,10,4,0,15,21,85,265,0,6,0,90,525
2014,2,,586,342,63,756,30,79,0,5,38,0,59,24,84,2,7,22,183,352,0,2,0,150,928
2014,3,,448,248,59,556,21,60,4,0,39,2,45,35,15,2,13,20,112,235,0,0,0,174,696
2014,4,,410,158,55,419,26,68,0,5,66,0,17,23,2,0,1,32,96,214,0,2,0,110,568
2014,5,,704,223,83,673,54,117,0,5,43,1,12,15,2,0,0,35,103,274,0,1,0,436,927
2014,6,,661,205,99,636,45,86,0,5,49,0,11,47,1,2,0,22,120,224,0,2,0,383,866
2014,7,,619,208,50,663,35,79,0,2,56,1,82,30,55,0,0,13,114,205,0,1,0,268,827
2014,8,,533,226,53,615,35,56,0,2,56,0,48,74,28,0,0,21,99,240,0,2,0,189,759
2014,9,,338,233,27,498,15,31,4,2,30,1,88,12,31,0,0,10,107,219,0,3,0,64,571
2014,10,,323,282,42,509,13,41,0,3,56,0,16,41,8,2,7,14,62,293,0,0,0,103,605
2014,11,,309,190,33,399,26,41,0,2,53,0,12,2,28,0,2,18,74,215,0,1,0,92,499
2014,12,,377,207,30,466,34,54,0,12,57,0,10,13,1,0,0,20,104,226,0,1,0,140,584
2014,13,,275,205,36,374,20,50,7,1,28,0,17,15,2,2,1,9,68,210,0,1,0,119,480
2014,14,,425,299,48,580,39,57,0,3,57,0,11,8,3,0,0,15,124,308,0,1,0,194,724
2014,15,,339,378,58,586,19,54,2,0,56,0,7,46,0,0,0,7,90,387,0,0,0,122,717
2014,16,,377,349,40,614,22,50,6,5,41,0,27,10,1,1,1,3,105,345,0,0,0,181,726
2014,17,,359,206,33,445,22,65,4,7,51,0,5,0,7,0,0,2,95,189,0,1,0,204,565
2014,18,,418,221,44,492,40,63,0,0,53,0,11,26,0,1,0,5,95,242,0,0,0,206,639
2014,19,,354,286,34,521,23,62,0,1,100,1,8,2,8,0,0,8,100,312,0,0,0,100,640
2014,20,,463,182,56,497,27,65,0,0,75,0,94,8,10,0,0,13,88,200,0,1,0,156,645
2014,21,,247,182,30,358,14,27,1,1,76,0,9,3,0,0,0,5,93,181,0,0,0,60,429
2014,22,,394,168,36,451,21,54,0,5,51,0,29,6,14,1,0,10,84,177,0,0,0,185,562
2014,23,,345,222,42,456,26,43,0,0,50,1,3,5,5,1,0,4,123,232,0,0,0,143,567
2014,24,,412,302,60,562,25,67,0,0,71,1,52,5,1,0,0,5,114,272,0,1,0,192,714
2014,25,,412,121,32,413,33,55,0,1,106,0,9,2,7,2,0,4,70,114,0,0,0,218,533
2014,26,,349,137,35,376,26,49,0,0,71,0,20,0,1,1,0,10,61,146,0,0,0,176,486
2014,27,,244,122,25,297,13,31,0,2,52,0,3,2,8,0,0,4,61,110,0,0,0,124,366
2014,28,,231,171,21,344,12,25,0,0,28,0,7,2,3,1,0,7,57,192,0,0,0,105,402
2014,29,,283,198,30,390,23,38,0,0,34,0,26,2,6,1,0,2,51,200,0,1,0,158,481
2014,30,,362,194,43,429,42,42,0,0,51,0,43,8,9,0,0,5,89,175,0,0,0,176,556
2014,31,,369,125,50,360,27,57,0,2,28,0,7,8,3,0,0,4,110,130,0,0,0,202,494
2014,32,,235,94,24,264,9,32,0,0,55,0,5,0,2,0,0,4,61,99,0,0,0,103,329
2014,33,,407,83,25,414,12,39,0,0,67,0,28,6,99,0,0,3,52,83,0,0,0,152,490
2014,34,,242,130,16,303,17,36,5,2,64,0,7,1,18,0,0,5,36,143,0,0,0,91,372
2014,35,,395,144,58,377,36,68,0,0,37,0,14,1,8,0,0,4,66,165,0,0,0,244,539
2014,36,,471,224,74,538,30,53,0,0,52,0,3,26,1,0,0,2,96,226,0,0,0,289,695
2014,37,,360,163,47,401,20,55,0,0,30,0,25,9,1,0,0,2,75,146,0,0,0,235,523
2014,38,,471,180,64,470,46,71,0,1,25,0,14,24,3,0,0,17,88,164,0,0,0,315,651
2014,39,,188,121,22,260,11,16,6,0,29,0,9,0,0,1,0,1,43,117,0,0,0,103,309
2014,40,,226,215,17,349,33,42,0,1,15,8,50,3,13,0,1,3,47,201,0,0,0,99,441
2014,41,,199,204,33,314,20,36,0,0,6,0,0,0,6,0,0,0,49,209,0,0,0,133,403
2014,42,,288,199,24,413,16,34,0,2,50,0,21,0,5,2,0,8,86,172,0,0,0,141,487
2014,43,,343,116,44,307,36,72,2,0,25,0,10,0,4,0,1,2,63,111,0,0,0,241,459
2014,44,,268,98,21,304,11,30,0,0,110,0,10,5,1,1,0,4,68,110,0,0,0,57,366
2014,45,,238,117,32,267,9,47,0,1,26,0,15,7,10,1,0,2,56,116,0,0,0,121,355
2014,46,,237,108,21,280,15,29,0,0,45,0,5,19,3,1,0,6,50,126,0,0,0,90,345
2014,47,,259,139,33,307,21,37,0,0,34,0,7,51,12,0,0,2,29,141,0,0,0,122,398
2014,48,,311,85,33,321,11,31,0,1,42,0,5,3,4,0,0,4,47,95,0,1,0,194,396
2014,49,,276,155,16,385,6,24,0,0,24,81,24,7,6,4,0,7,24,210,0,0,0,44,431
2014,50,,167,120,12,246,9,20,0,0,26,1,3,10,19,0,1,12,39,113,0,0,0,63,287
2014,51,,301,136,45,327,22,43,0,0,12,0,3,28,9,1,0,9,36,146,0,0,0,193,437
2014,52,,451,115,34,440,24,68,3,0,16,0,15,1,14,0,0,5,40,108,0,0,0,364,566
2015,1,,41,47,6,72,1,9,0,0,4,0,6,0,3,0,0,1,13,48,0,0,0,13,88
2015,2,,88,29,10,84,11,12,0,0,8,0,22,0,6,0,1,17,11,40,0,0,0,12,117
2015,3,,136,31,12,126,15,14,0,0,15,1,1,3,19,0,0,21,24,30,0,0,0,53,167
2015,4,,322,96,29,332,19,38,0,0,28,0,5,2,12,0,0,20,27,110,0,2,0,212,418
2015,5,,190,109,34,223,10,32,0,1,40,0,8,2,4,4,0,10,33,110,0,1,0,86,299
2015,6,,395,115,53,404,20,33,0,0,9,0,8,0,9,1,1,7,73,114,0,0,0,288,510
2015,7,,166,83,23,196,11,19,0,0,19,0,14,0,5,1,0,3,35,86,0,0,0,86,249
2015,8,,182,139,31,248,13,29,0,0,17,0,3,52,4,0,0,16,22,142,0,0,0,65,321
2015,9,,167,134,10,266,12,13,0,2,31,1,20,15,9,0,0,12,41,132,0,0,0,38,301
2015,10,,248,80,18,275,12,23,0,4,63,0,5,14,12,1,2,5,22,74,0,0,0,126,328
2015,11,,391,78,28,418,7,16,0,0,261,0,1,0,5,1,0,5,33,69,0,0,0,94,469
2015,12,,402,67,66,359,22,22,6,0,196,0,85,2,10,0,0,3,45,65,0,0,0,57,469
2015,13,,360,235,39,496,17,43,0,1,173,0,8,0,3,0,0,8,60,235,0,0,0,107,595
2015,14,,319,63,35,296,20,31,1,7,89,0,21,0,10,0,0,4,43,73,0,0,0,134,382
2015,15,,219,100,27,249,13,30,0,1,26,2,39,0,4,1,1,3,25,71,0,0,0,146,319
2015,16,,277,80,36,253,24,44,0,0,31,0,12,5,8,4,0,7,32,80,0,0,0,178,357
2015,17,,245,162,30,338,19,20,0,0,15,0,6,1,22,2,0,5,47,166,0,0,0,143,407
2015,18,,336,141,46,325,38,68,7,4,21,0,10,10,4,1,0,6,56,146,0,0,0,212,477
2015,19,,169,143,22,240,17,33,0,0,10,0,4,12,5,1,0,4,36,140,0,0,0,100,312
2015,20,,385,111,54,359,29,54,0,0,12,0,21,1,8,0,0,11,65,97,0,0,0,281,496
2015,21,,265,114,39,293,22,25,0,0,13,0,11,2,51,0,0,2,49,104,0,0,0,147,379
2015,22,,309,74,34,303,17,29,0,7,9,0,2,0,32,0,0,6,34,77,0,0,0,216,383
2015,23,,271,58,39,231,13,46,0,2,15,0,9,0,1,0,0,3,49,59,0,0,0,191,329
2015,24,,312,160,47,365,24,36,0,0,15,1,10,1,5,0,1,7,37,155,0,1,0,239,472
2015,25,,200,161,44,243,36,38,0,0,13,0,15,0,13,0,0,7,72,141,0,0,0,100,361
2015,26,,498,102,100,445,20,35,0,1,13,0,22,3,25,0,0,3,38,383,0,1,0,111,600
2015,27,,261,123,34,293,20,37,0,0,11,0,12,8,18,1,0,2,39,121,0,0,0,172,384
2015,28,,187,77,26,189,17,32,0,0,15,0,7,1,7,2,0,5,32,79,0,0,0,116,264
2015,29,,210,72,23,206,20,33,0,0,9,1,22,0,3,0,0,2,23,53,0,0,0,169,282
2015,30,,216,84,41,202,20,37,0,0,20,1,9,3,13,0,0,8,58,92,0,0,0,96,300
2015,31,,209,130,35,262,17,25,0,0,12,0,10,0,19,0,0,2,44,143,0,0,0,109,339
2015,32,,179,116,16,251,12,16,0,0,14,0,28,6,12,0,0,2,52,102,0,0,0,79,295
2015,33,,552,192,55,611,25,53,0,1,21,0,15,0,10,0,0,6,116,191,0,0,0,384,744
2015,34,,291,118,55,291,19,44,0,0,16,0,6,0,8,0,0,6,128,111,0,0,0,134,409
2015,35,,191,65,17,176,30,33,0,0,11,0,2,0,11,0,0,5,90,68,0,0,0,69,256
2015,36,,129,67,16,149,15,16,0,0,5,0,4,0,1,0,0,4,63,64,0,0,0,55,196
2015,37,,67,100,6,148,4,9,0,0,7,0,0,0,0,0,0,3,31,115,0,0,0,11,167
2015,38,,114,74,14,156,8,10,0,0,9,0,3,2,0,0,0,1,38,69,0,0,0,66,188
2015,39,,149,56,20,153,11,21,0,0,6,0,4,5,0,0,0,1,100,59,0,0,0,30,205
2015,40,,153,55,21,149,10,28,0,0,6,0,4,1,5,0,0,1,40,52,0,0,0,99,208
2015,41,,188,116,26,247,11,20,0,0,20,0,13,3,13,0,0,4,47,114,0,0,1,89,304
2015,42,,260,162,31,319,28,44,0,1,11,0,7,4,10,2,0,1,51,168,0,0,0,167,422
2015,43,,217,214,31,363,15,22,0,0,19,0,24,0,9,0,0,5,52,198,0,0,0,124,431
2015,44,,336,101,45,313,27,52,3,0,10,0,4,0,10,2,0,2,58,103,0,0,0,245,437
2015,45,,285,149,29,349,8,48,0,0,18,0,8,0,9,2,0,2,61,146,0,0,0,188,434
2015,46,,197,196,21,323,11,38,0,0,24,0,22,0,14,2,0,6,64,180,0,0,0,81,393
2015,47,,266,91,46,254,16,41,2,0,14,0,11,0,18,0,0,2,74,82,0,0,0,154,357
2015,48,,233,179,25,337,12,38,0,4,13,0,17,2,19,2,3,5,49,168,0,1,0,129,412
2015,49,,262,141,37,300,22,44,0,1,12,1,18,13,19,0,0,5,60,138,0,0,0,136,403
2015,50,,329,167,52,353,34,57,0,0,4,0,20,0,18,0,0,3,34,146,0,0,0,271,496
2015,51,,275,113,34,315,13,26,0,0,11,0,13,0,18,0,0,2,28,116,0,1,0,199,388
2015,52,,301,132,34,332,17,50,2,0,10,0,10,1,14,1,0,5,59,107,0,0,0,224,433
2015,53,,91,80,11,135,13,12,0,0,1,0,4,0,5,1,0,2,13,81,0,0,0,64,171
2016,1,,229,63,24,229,12,27,0,0,16,0,10,0,11,0,0,9,13,55,0,0,0,178,292
2016,2,,287,175,44,361,16,41,0,0,6,0,14,3,12,0,2,8,38,148,0,0,0,231,462
2016,3,,253,135,35,273,20,60,0,0,22,0,13,0,5,0,0,9,28,129,0,1,0,181,388
2016,4,,278,99,52,252,23,50,0,0,8,0,20,1,7,0,0,8,40,104,0,0,0,189,377
2016,5,,194,247,39,344,21,37,0,0,6,0,9,1,4,0,0,4,28,240,0,0,0,149,441
2016,6,,201,109,35,232,18,25,0,1,13,0,5,0,20,1,0,7,34,105,0,0,0,124,310
2016,7,,236,131,23,287,12,45,0,0,6,0,9,1,5,0,0,6,50,121,0,0,0,169,367
2016,8,,178,143,25,250,16,30,0,0,9,0,1,0,11,0,0,14,42,137,0,0,0,107,321
2016,9,,96,100,12,165,10,9,0,0,12,0,26,0,12,1,0,4,20,84,0,0,0,37,196
2016,10,,119,108,11,201,6,9,0,0,9,0,15,0,16,0,0,2,25,115,0,0,0,45,227
2016,11,,70,47,4,106,1,6,0,0,6,0,8,0,13,0,0,3,10,56,0,0,0,21,117
2016,12,,102,84,18,141,7,20,0,0,5,0,18,0,7,0,0,2,29,78,0,0,0,47,186
2016,13,,116,132,14,203,7,24,2,0,10,0,9,0,11,0,0,1,16,131,1,0,0,67,248
2016,14,,119,148,14,234,8,11,1,0,11,0,11,3,17,0,0,3,17,132,0,0,0,72,267
2016,15,,101,135,11,201,10,14,0,0,5,0,7,0,5,0,0,3,19,144,0,0,0,53,236
2016,16,,250,113,40,268,14,41,0,0,7,0,15,0,7,0,0,0,45,107,2,0,1,179,363
2016,17,,208,160,24,289,16,39,0,0,9,0,14,0,13,0,0,0,94,153,3,0,0,82,368
2016,18,,153,165,28,254,7,29,0,0,8,0,21,2,18,0,0,0,57,168,0,0,0,44,318
2016,19,,117,110,11,193,6,17,0,0,9,0,4,1,5,1,0,0,29,106,0,1,0,71,227
2016,20,,185,121,37,223,15,31,0,0,16,0,3,1,4,0,0,1,45,139,4,0,1,92,306
2016,21,,99,64,13,125,10,15,0,0,5,0,5,1,3,0,3,1,35,57,2,0,12,39,163
2016,22,,383,75,60,314,26,58,0,1,7,0,12,1,5,1,0,1,104,72,0,0,2,252,458
2016,23,,247,126,31,283,21,38,0,0,6,0,24,4,3,0,0,0,27,138,0,0,6,165,373
2016,24,,205,137,27,274,13,28,0,0,8,0,26,1,6,0,0,0,37,120,0,0,2,142,342
2016,25,,281,111,36,282,23,51,0,0,8,0,40,1,2,0,0,2,45,126,0,1,0,167,392
2016,26,,255,124,25,306,17,31,4,1,5,1,31,1,8,1,0,0,53,114,1,0,2,157,379
2016,27,,210,121,37,239,20,35,0,0,1,0,23,7,1,0,0,0,72,117,0,0,0,110,331
2016,28,,355,106,61,330,27,43,0,0,12,0,20,1,0,0,0,1,65,113,0,1,6,242,461
2016,29,,524,88,58,436,37,81,0,0,13,0,18,3,13,2,0,3,81,79,2,0,15,383,612
2016,30,,330,100,43,302,29,56,0,0,6,0,19,3,8,1,0,1,57,102,0,0,13,220,430
2016,31,,254,191,37,330,28,50,0,0,7,0,31,0,0,0,0,0,77,212,1,0,5,112,445
2016,32,,328,135,53,345,20,45,3,0,8,0,29,2,6,0,0,0,75,146,0,0,1,193,463
2016,33,,279,89,35,277,17,39,0,1,6,0,33,0,7,1,0,0,86,93,0,2,1,138,368
2016,34,,243,85,39,219,27,43,0,0,2,0,28,2,6,0,0,0,42,93,0,0,4,151,328
2016,35,,209,176,29,307,26,23,0,0,3,0,38,3,8,0,0,0,33,174,0,0,22,104,385
2016,36,,264,125,37,276,23,53,1,0,2,0,10,2,5,0,0,0,57,120,0,0,3,189,389
2016,37,,138,55,13,148,10,22,0,0,1,0,9,5,9,0,0,0,26,55,0,0,0,88,193
2016,38,,470,109,47,442,22,68,0,0,6,0,39,0,3,0,0,0,12,79,0,1,0,439,579
2016,39,,269,76,39,240,30,36,0,1,15,0,13,2,1,0,0,0,57,68,0,0,2,186,345
2016,40,,231,98,28,257,10,34,0,0,5,0,37,0,10,0,0,0,70,79,0,0,1,127,329
2016,41,,275,80,46,253,27,29,0,0,5,0,38,0,3,1,0,0,54,71,1,0,1,181,355
2016,42,,173,94,27,189,18,33,0,0,3,0,26,1,5,0,0,0,14,98,2,0,9,109,267
2016,43,,185,174,28,270,31,30,0,0,2,0,17,0,4,0,0,0,52,169,0,0,0,115,359
2016,44,,216,87,30,201,30,42,0,0,2,0,18,0,4,1,0,0,55,94,1,1,1,126,303
2016,45,,231,95,44,213,24,45,0,1,5,0,14,0,7,0,0,0,48,92,1,1,3,154,326
2016,46,,347,78,54,266,35,70,0,0,23,3,27,1,0,0,0,0,80,91,0,1,3,196,425
2016,47,,301,92,33,304,25,31,1,0,3,1,20,0,4,1,0,0,51,93,0,1,3,215,393
2016,48,,267,54,25,236,11,49,0,0,4,0,7,5,4,1,0,1,84,63,0,0,6,146,321
2016,49,,225,60,31,181,25,48,2,1,1,0,7,1,1,0,0,0,86,68,1,0,2,115,285
2016,50,,181,41,20,170,14,18,34,0,5,0,4,65,0,0,0,0,26,38,1,0,0,49,222
2016,51,,154,36,17,143,9,21,0,0,2,0,8,21,1,1,0,2,16,37,0,0,0,102,190
2016,52,,116,27,17,92,11,23,0,0,4,0,20,2,1,0,0,0,40,28,0,0,0,48,143
2016,53,,41,27,5,57,1,5,0,0,7,0,2,1,10,0,0,2,7,32,0,0,0,7,68
2017,1,,107,46,9,131,0,13,0,0,3,0,11,1,2,0,0,0,51,52,1,0,2,30,153
2017,2,,160,42,22,153,10,17,0,0,2,0,3,12,0,0,0,1,67,35,0,1,2,79,202
2017,3,,142,46,21,144,6,17,0,0,0,0,10,0,0,0,0,0,43,41,0,0,2,92,188
2017,4,,91,25,14,91,6,5,0,0,2,0,14,6,3,1,0,0,15,30,0,0,1,44,116
2017,5,,115,103,13,176,5,24,0,0,1,0,27,0,4,0,0,3,51,84,1,0,10,37,218
2017,6,,207,63,33,193,9,35,1,0,7,0,27,7,3,3,0,1,75,72,0,1,3,70,270
2017,7,,173,201,38,295,16,25,0,78,4,0,24,5,1,0,0,1,44,115,0,2,3,97,374
2017,8,,297,190,27,420,12,28,0,17,5,0,136,40,1,0,0,1,36,128,1,0,1,121,487
2017,9,,179,102,22,219,10,30,0,0,8,0,54,8,11,0,0,0,20,91,2,1,1,85,281
2017,10,,151,62,21,170,9,13,0,0,3,1,47,11,1,0,0,0,25,42,0,1,2,80,213
2017,11,,231,64,34,212,16,33,0,0,1,0,49,9,1,0,0,2,13,70,1,2,4,143,295
2017,12,,245,103,35,256,24,33,0,0,2,0,19,1,5,0,0,3,35,104,0,0,1,178,348
2017,13,,117,65,8,144,6,24,0,0,0,0,14,1,2,0,0,1,17,66,1,0,0,80,182
2017,14,,369,83,63,275,46,68,89,0,2,0,12,2,3,0,0,5,33,70,0,0,1,235,452
2017,15,,96,89,12,155,5,13,1,1,1,0,32,0,3,0,0,2,29,67,1,0,10,38,185
2017,16,,114,94,15,152,15,26,0,0,4,0,15,4,0,0,1,0,27,83,0,1,3,70,208
2017,17,,148,161,25,242,15,27,0,0,2,0,19,10,2,0,0,1,19,148,0,0,4,104,309
2017,18,,114,157,15,215,15,26,0,0,0,0,22,2,5,2,0,2,32,152,0,0,1,53,271
2017,19,,129,59,28,137,7,16,0,1,3,0,15,1,4,0,3,1,12,43,0,0,0,105,188
2017,20,,110,58,15,118,11,24,0,0,2,0,33,23,0,0,0,3,17,40,0,0,1,49,168
2017,21,,153,33,23,128,21,14,0,0,9,0,26,0,1,0,0,2,36,29,1,0,1,81,186
2017,22,,91,83,12,144,8,10,0,1,10,0,18,2,0,0,0,0,48,66,0,0,2,27,174
2017,23,,119,56,10,133,14,18,0,1,1,0,12,0,0,0,0,1,27,55,0,1,1,76,175
2017,24,,100,71,5,144,12,10,0,0,1,0,9,7,4,2,0,3,16,82,0,0,0,47,171
2017,25,,145,85,22,184,6,18,0,1,2,0,51,3,0,0,0,0,21,68,0,1,0,83,230
2017,26,,195,91,27,224,14,21,0,1,0,0,20,4,0,0,0,2,45,77,0,0,6,131,286
2017,27,,123,46,14,119,14,22,0,0,11,0,11,1,2,0,0,1,32,51,0,0,2,58,169
2017,28,,173,45,33,145,16,24,0,0,1,0,19,3,2,0,0,0,26,37,0,0,5,125,218
2017,29,,226,69,41,190,30,34,0,1,1,0,48,3,0,0,0,2,32,68,2,0,8,130,295
2017,30,,140,33,17,126,12,18,0,0,1,0,32,2,1,0,0,0,17,27,0,0,1,92,173
2017,31,,158,25,22,136,12,13,0,0,5,0,23,6,3,0,0,5,37,22,0,1,0,81,183
2017,32,,107,74,24,134,12,11,0,0,5,0,56,1,2,0,1,1,13,38,0,1,1,62,181
2017,33,,177,38,36,125,28,26,0,0,2,0,12,0,3,0,0,0,40,39,1,1,0,117,215
2017,34,,90,21,20,67,4,20,0,0,2,0,11,0,0,1,0,0,24,22,1,1,3,46,111
2017,35,,61,46,5,92,3,7,0,0,2,0,9,0,0,0,0,1,9,45,1,0,0,40,107
2017,36,,147,20,12,140,6,9,0,0,4,0,8,28,0,1,0,13,22,21,1,0,0,69,167
2017,37,,145,20,28,117,7,13,0,0,5,0,13,3,1,0,0,2,14,17,0,0,0,110,165
2017,38,,151,141,39,229,5,19,0,0,5,0,9,1,3,0,0,1,31,83,2,0,1,156,292
2017,39,,233,29,43,168,16,35,0,0,1,0,12,0,4,0,0,2,46,34,1,1,1,160,262
2017,40,,226,62,43,193,22,30,0,0,3,0,1,2,4,0,0,2,39,48,1,0,1,187,288
2017,41,,195,49,37,164,20,23,0,0,4,0,13,0,1,1,0,0,25,35,0,0,1,164,244
2017,42,,138,29,7,148,5,7,0,1,1,0,8,91,1,0,0,0,16,27,3,0,1,18,167
2017,43,,56,23,14,56,1,8,0,0,3,0,14,1,0,0,0,1,32,7,1,0,0,20,79
2017,44,,56,25,2,58,6,15,0,0,4,0,15,0,0,0,0,0,19,28,5,0,0,10,81
2017,45,,65,43,8,89,4,7,0,0,3,0,25,0,1,1,0,1,13,44,3,1,1,15,108
2017,46,,170,54,18,174,14,18,0,0,1,0,16,0,0,0,0,0,46,45,0,1,2,113,224
2017,47,,158,46,21,156,13,14,0,0,0,0,38,0,1,0,0,2,58,36,6,0,0,63,204
2017,48,,159,44,10,159,8,26,0,0,1,0,44,0,0,0,0,2,12,36,6,0,0,102,203
2017,49,,118,43,14,128,10,9,0,0,1,0,48,0,5,0,0,0,26,34,3,0,2,42,161
2017,50,,102,21,28,61,11,23,0,0,0,0,28,0,4,0,0,0,10,23,0,0,1,57,123
2017,51,,93,26,17,77,6,19,0,0,3,0,15,7,2,0,0,1,16,28,2,0,0,45,119
2017,52,,156,55,26,145,13,27,0,0,0,0,30,0,2,0,0,1,35,47,1,1,1,93,211
2018,1,,55,28,6,61,6,10,0,0,0,0,8,0,0,0,0,1,9,28,0,0,0,37,83
2018,2,,1,4,0,5,0,0,0,0,0,0,0,0,0,0,0,0,1,4,0,0,0,0,5
